Job-Title,Agency,Post-Level,Location,Deadline,Category,Job-Link
"* Engineering Associate ( part time 90%), NPSA-7 (3 posts)",UNDP,NPSA-7,"Belgrade, Serbia","Mar-4-24
",External,https://estm.fa.em2.oraclecloud.com/hcmUI/CandidateExperience/en/sites/CX_1/requisitions/job/16328
* Team Leader Anti corruption,UNDP,P4,Mali,"Mar-4-24
",External,https://estm.fa.em2.oraclecloud.com/hcmUI/CandidateExperience/en/sites/CX_1/requisitions/job/16185
* Special Skills Analyst (SSA) for Public Finance Management (PFM) Secretariat - Gender Cluster,UNDP,NPSA-8,"Juba, South Sudan","Mar-4-24
",External,https://estm.fa.em2.oraclecloud.com/hcmUI/CandidateExperience/en/sites/CX_1/requisitions/job/16602
"* Project Analyst - Researcher for AI, NPSA-9 (20% part-time)",UNDP,NPSA-9,"Belgrade, Serbia","Mar-5-24
",External,https://estm.fa.em2.oraclecloud.com/hcmUI/CandidateExperience/en/sites/CX_1/requisitions/job/16515
"* Project Analyst (30% part-time), NPSA-8",UNDP,NPSA-8,"Belgrade, Serbia","Mar-5-24
",External,https://estm.fa.em2.oraclecloud.com/hcmUI/CandidateExperience/en/sites/CX_1/requisitions/job/16511
* Capacity Building Specialist,UNDP,P3,Mali,"Mar-5-24
",External,https://estm.fa.em2.oraclecloud.com/hcmUI/CandidateExperience/en/sites/CX_1/requisitions/job/16220
"* Security Operations Assistant, SB3-2, ds Kyiv, UNDSS,  5 positions, (Nationals only)",UNDP,SB3,"Kyiv, Ukraine","Mar-5-24
",External,https://estm.fa.em2.oraclecloud.com/hcmUI/CandidateExperience/en/sites/CX_1/requisitions/job/16513
* Operations Manager,UNDP,P3,"Niamey, Niger","Mar-5-24
",External,https://estm.fa.em2.oraclecloud.com/hcmUI/CandidateExperience/en/sites/CX_1/requisitions/job/16645
* PBF Manager,UNDP,NOC,"Sarajevo, Bosnia and Herzegovina","Mar-5-24
",External,https://estm.fa.em2.oraclecloud.com/hcmUI/CandidateExperience/en/sites/CX_1/requisitions/job/16500
* Spécialiste Société civile et Genre,UNDP,NPSA-11,"Port-au-Prince, Haiti","Mar-5-24
",External,https://estm.fa.em2.oraclecloud.com/hcmUI/CandidateExperience/en/sites/CX_1/requisitions/job/15847
"* Project Associate, Social Cohesion",UNDP,NPSA-7,"Podgorica, Montenegro","Mar-5-24
",External,https://estm.fa.em2.oraclecloud.com/hcmUI/CandidateExperience/en/sites/CX_1/requisitions/job/16460
"* Communications and Outreach Associate, Social Cohesion",UNDP,NPSA-7,"Podgorica, Montenegro","Mar-5-24
",External,https://estm.fa.em2.oraclecloud.com/hcmUI/CandidateExperience/en/sites/CX_1/requisitions/job/16468
"* Project Analyst, Social Cohesion",UNDP,NPSA-9,"Podgorica, Montenegro","Mar-5-24
",External,https://estm.fa.em2.oraclecloud.com/hcmUI/CandidateExperience/en/sites/CX_1/requisitions/job/16435
* Project Associate,UNDP,NPSA-7,"Chisinau, Moldova","Mar-6-24
",External,https://estm.fa.em2.oraclecloud.com/hcmUI/CandidateExperience/en/sites/CX_1/requisitions/job/15705
* Spécialiste Police & Justice,UNDP,NPSA-11,"Port-au-Prince, Haiti","Mar-6-24
",External,https://estm.fa.em2.oraclecloud.com/hcmUI/CandidateExperience/en/sites/CX_1/requisitions/job/16579
* Safe Digital Environment Enabling Specialist,UNDP,NPSA-10,"Islamabad, Pakistan","Mar-7-24
",External,https://estm.fa.em2.oraclecloud.com/hcmUI/CandidateExperience/en/sites/CX_1/requisitions/job/16551
* Project Assistant NPSA5-Youth Development Delegates,UNDP,NB2,"Algiers, Algeria","Mar-7-24
",External,https://estm.fa.em2.oraclecloud.com/hcmUI/CandidateExperience/en/sites/CX_1/requisitions/job/16607
* Pasantías (prácticas) en el Área de Gobernanza y Territorio,UNDP,,"Santiago, Chile","Mar-7-24
",External,https://estm.fa.em2.oraclecloud.com/hcmUI/CandidateExperience/en/sites/CX_1/requisitions/job/16707
* Programme Officer - Human Rights and Rule of Law,UNDP,NPSA-9,"Lilongwe, Malawi","Mar-7-24
",External,https://estm.fa.em2.oraclecloud.com/hcmUI/CandidateExperience/en/sites/CX_1/requisitions/job/16697
* Special Skills Analyst (SSA) for Public Finance Management (PFM) Secretariat – Governance Cluster,UNDP,NPSA-8,"Juba, South Sudan","Mar-7-24
",External,https://estm.fa.em2.oraclecloud.com/hcmUI/CandidateExperience/en/sites/CX_1/requisitions/job/16649
* Spécialiste Justice et Renforcement Institutionnel,UNDP,NPSA-11,Haiti,"Mar-7-24
",External,https://estm.fa.em2.oraclecloud.com/hcmUI/CandidateExperience/en/sites/CX_1/requisitions/job/15875
* Economic Governance Analyst,UNDP,NPSA-8,"Yambio, South Sudan","Mar-7-24
",External,https://estm.fa.em2.oraclecloud.com/hcmUI/CandidateExperience/en/sites/CX_1/requisitions/job/16562
"* Project Specialist-International Law, NPSA-10, DS-Kyiv, (National position)",UNDP,NPSA-10,"Kyiv, Ukraine","Mar-7-24
",External,https://estm.fa.em2.oraclecloud.com/hcmUI/CandidateExperience/en/sites/CX_1/requisitions/job/16379
"* Project Specialist-Criminal Law, NPSA-10, DS-Kyiv, (National position)",UNDP,NPSA-10,"Kyiv, Ukraine","Mar-7-24
",External,https://estm.fa.em2.oraclecloud.com/hcmUI/CandidateExperience/en/sites/CX_1/requisitions/job/16372
Data Entry and Admin Support Intern,UNDP,Intern,"Ramallah,  PALESTINIAN TERRITORIES","Mar-8-24
",External,cj_view_job.cfm?cur_job_id=115483
* Analyste de projet,UNDP,NPSA-8,Tunisia,"Mar-8-24
",External,https://estm.fa.em2.oraclecloud.com/hcmUI/CandidateExperience/en/sites/CX_1/requisitions/job/15989
* Ingénieur en génie civile,UNDP,NPSA-9,Tunisia,"Mar-8-24
",External,https://estm.fa.em2.oraclecloud.com/hcmUI/CandidateExperience/en/sites/CX_1/requisitions/job/16107
* Analyste en communication,UNDP,NPSA-9,Tunisia,"Mar-8-24
",External,https://estm.fa.em2.oraclecloud.com/hcmUI/CandidateExperience/en/sites/CX_1/requisitions/job/16009
* Assistant(e) Administratif(ve) - 3 Positions,UNDP,NPSA-5,Tunisia,"Mar-8-24
",External,https://estm.fa.em2.oraclecloud.com/hcmUI/CandidateExperience/en/sites/CX_1/requisitions/job/15709
* Project Analyst,UNDP,NPSA-9,"Pohnpei, Micronesia, Federated States of","Mar-8-24
",External,https://estm.fa.em2.oraclecloud.com/hcmUI/CandidateExperience/en/sites/CX_1/requisitions/job/15553
* Analyste en Inclusion socioéconomique et accès aux moyens de subsistance,UNDP,NPSA-9,Tunisia,"Mar-8-24
",External,https://estm.fa.em2.oraclecloud.com/hcmUI/CandidateExperience/en/sites/CX_1/requisitions/job/16260
* Analyste national.e justice et droits humains,UNDP,NPSA-9,Tunisia,"Mar-8-24
",External,https://estm.fa.em2.oraclecloud.com/hcmUI/CandidateExperience/en/sites/CX_1/requisitions/job/16254
* Analyste d’achats du Portefeuille,UNDP,NPSA-9,Tunisia,"Mar-8-24
",External,https://estm.fa.em2.oraclecloud.com/hcmUI/CandidateExperience/en/sites/CX_1/requisitions/job/16258
* Analyste technique National en appui à l’implantation de la police de proximité,UNDP,NPSA-9,Tunisia,"Mar-8-24
",External,https://estm.fa.em2.oraclecloud.com/hcmUI/CandidateExperience/en/sites/CX_1/requisitions/job/16256
* Project Analyst on Integrity in Local Governance,UNDP,NPSA-8,"Tashkent, Uzbekistan","Mar-8-24
",External,https://estm.fa.em2.oraclecloud.com/hcmUI/CandidateExperience/en/sites/CX_1/requisitions/job/16559
* Special Skills Analyst (SSE) for Public Finance Management (PFM) Secretariat - Security Cluster,UNDP,NPSA-8,"Juba, South Sudan","Mar-8-24
",External,https://estm.fa.em2.oraclecloud.com/hcmUI/CandidateExperience/en/sites/CX_1/requisitions/job/16722
* Specialiste National Principal en Gouvernance du secteur de la sécurité,UNDP,NPSA-10,Tunisia,"Mar-8-24
",External,https://estm.fa.em2.oraclecloud.com/hcmUI/CandidateExperience/en/sites/CX_1/requisitions/job/16005
* Conseiller(ère) Technique Principal(e) (CTP),UNDP,NPSA-11,Tunisia,"Mar-8-24
",External,https://estm.fa.em2.oraclecloud.com/hcmUI/CandidateExperience/en/sites/CX_1/requisitions/job/15917
* Analyste  En Apprentissage,UNDP,NPSA-9,Tunisia,"Mar-8-24
",External,https://estm.fa.em2.oraclecloud.com/hcmUI/CandidateExperience/en/sites/CX_1/requisitions/job/16006
"* Chargé.e de suivi, évaluation et rapportage",UNDP,NPSA-8,Tunisia,"Mar-8-24
",External,https://estm.fa.em2.oraclecloud.com/hcmUI/CandidateExperience/en/sites/CX_1/requisitions/job/15922
* Area Manager,UNDP,NPSA-10,"Zarzis, Tunisia","Mar-8-24
",External,https://estm.fa.em2.oraclecloud.com/hcmUI/CandidateExperience/en/sites/CX_1/requisitions/job/16122
* Project Analyst (Social Cohesion),UNDP,NPSA-9,"Chisinau, Moldova","Mar-11-24
",External,https://estm.fa.em2.oraclecloud.com/hcmUI/CandidateExperience/en/sites/CX_1/requisitions/job/16314
* National Programme Officer SB4 (Anti-Trafficking in Persons and Smuggling of Migrants TIP/SOM),UNDP,SB4,"Algiers, Algeria","Mar-12-24
",External,https://estm.fa.em2.oraclecloud.com/hcmUI/CandidateExperience/en/sites/CX_1/requisitions/job/16612
"* Public Finance for Sustainable Development Trainer & Technical Advisor (Home based with regular travel to the Pacific region, part-time 50%)",UNDP,IPSA-11,"Suva, Fiji","Mar-12-24
",External,https://estm.fa.em2.oraclecloud.com/hcmUI/CandidateExperience/en/sites/CX_1/requisitions/job/16644
* Project Officer Youth and Community Engagement (Duty Station: Gwadar Balochistan/Pakistan),UNDP,NPSA-9,Pakistan,"Mar-12-24
",External,https://estm.fa.em2.oraclecloud.com/hcmUI/CandidateExperience/en/sites/CX_1/requisitions/job/16642
* Training Associate,UNDP,NPSA-7,"Islamabad, Pakistan","Mar-12-24
",External,https://estm.fa.em2.oraclecloud.com/hcmUI/CandidateExperience/en/sites/CX_1/requisitions/job/16637
"* Audit Recommendations & Effectiveness Specialist (Home based with regular travel to the Pacific region, part-time 50%)",UNDP,IPSA-11,"Suva, Fiji","Mar-13-24
",External,https://estm.fa.em2.oraclecloud.com/hcmUI/CandidateExperience/en/sites/CX_1/requisitions/job/16655
"* PFM Fellowship Coordinator (Home based with regular travel to the Pacific region, part-time 50%)",UNDP,IPSA-10,"Suva, Fiji","Mar-13-24
",External,https://estm.fa.em2.oraclecloud.com/hcmUI/CandidateExperience/en/sites/CX_1/requisitions/job/16653
* MEL and Communication Manager,UNDP,NPSA-10,"Suva, Fiji","Mar-13-24
",External,https://estm.fa.em2.oraclecloud.com/hcmUI/CandidateExperience/en/sites/CX_1/requisitions/job/16660
* Administrative and Finance Associate,UNDP,G6,Bosnia and Herzegovina,"Mar-13-24
",External,https://estm.fa.em2.oraclecloud.com/hcmUI/CandidateExperience/en/sites/CX_1/requisitions/job/16304
* Coordinateur (trice)- Justice,UNDP,NPSA-10,Tunisia,"Mar-13-24
",External,https://estm.fa.em2.oraclecloud.com/hcmUI/CandidateExperience/en/sites/CX_1/requisitions/job/16668
* Project Assistant - The Activating Village Courts in Bangladesh Phase III Project (AVCB III),UNDP,NPSA-4,"Dhaka, Bangladesh","Mar-14-24
",External,https://estm.fa.em2.oraclecloud.com/hcmUI/CandidateExperience/en/sites/CX_1/requisitions/job/16687
* Project Administrative Associate,UNDP,NPSA-7,"Suva, Fiji","Mar-15-24
",External,https://estm.fa.em2.oraclecloud.com/hcmUI/CandidateExperience/en/sites/CX_1/requisitions/job/16717
* Coordonnateur(trice) du secrétariat du Fonds de consolidation de la paix des Nations Unies (PBF),UNDP,P4,"Kinshasa, Congo, The Democratic Republic of the","Mar-15-24
",External,https://estm.fa.em2.oraclecloud.com/hcmUI/CandidateExperience/en/sites/CX_1/requisitions/job/16729
"* Engineering Analyst, NPSA-9, DS- Kyiv (Nationals Only)",UNDP,NPSA-9,"Kyiv, Ukraine","Mar-15-24
",External,https://estm.fa.em2.oraclecloud.com/hcmUI/CandidateExperience/en/sites/CX_1/requisitions/job/16714
International Consultant - National Action Plan on Women Peace and Security (Retainer),UNWomen,International Consultant,Home-based with possible field missions in the Asia-Pacific region,"Mar-17-24
",External,cj_view_job.cfm?cur_job_id=115553
* Statistician/Project Associate,UNDP,NPSA-6,"Pristina, Kosovo (as per UNSCR 1244) ","Mar-17-24
",External,https://estm.fa.em2.oraclecloud.com/hcmUI/CandidateExperience/en/sites/CX_1/requisitions/job/16720
* Joint Project Associate,UNDP,NPSA-6,"Sarajevo, Bosnia and Herzegovina","Mar-18-24
",External,https://estm.fa.em2.oraclecloud.com/hcmUI/CandidateExperience/en/sites/CX_1/requisitions/job/16753
* Communications and Outreach Analyst,UNDP,NPSA-8,"Dhaka, Bangladesh","Mar-18-24
",External,https://estm.fa.em2.oraclecloud.com/hcmUI/CandidateExperience/en/sites/CX_1/requisitions/job/16740
* Communication Associate,UNDP,NPSA-7,"Dhaka, Bangladesh","Mar-18-24
",External,https://estm.fa.em2.oraclecloud.com/hcmUI/CandidateExperience/en/sites/CX_1/requisitions/job/16741
* Capacity Development Analyst,UNDP,NPSA-9,"Dhaka, Bangladesh","Mar-18-24
",External,https://estm.fa.em2.oraclecloud.com/hcmUI/CandidateExperience/en/sites/CX_1/requisitions/job/16745
* Gender Analyst,UNDP,NPSA-8,"Dhaka, Bangladesh","Mar-18-24
",External,https://estm.fa.em2.oraclecloud.com/hcmUI/CandidateExperience/en/sites/CX_1/requisitions/job/16743
* Coordination and Reporting Officer,UNDP,IPSA-9,"Kampala, Uganda","Mar-18-24
",External,https://estm.fa.em2.oraclecloud.com/hcmUI/CandidateExperience/en/sites/CX_1/requisitions/job/16735
* Joint Programme Coordinator (JPC),UNDP,NPSA-10,"Podgorica, Montenegro","Mar-18-24
",External,https://estm.fa.em2.oraclecloud.com/hcmUI/CandidateExperience/en/sites/CX_1/requisitions/job/16738
* Deputy Head of Peace Support Program (Specialist),UNDP,NPSA-11,"Addis Ababa, Ethiopia","Mar-18-24
",External,https://estm.fa.em2.oraclecloud.com/hcmUI/CandidateExperience/en/sites/CX_1/requisitions/job/16744
"* UN Women FTA: Project Coordination Specialist, P-3",UNWomen,,"New York, United States","Mar-19-24
",External,https://estm.fa.em2.oraclecloud.com/hcmUI/CandidateExperience/en/sites/CX_1001/requisitions/job/16626
"Governance, Peace and Security Technical Specialist",UNWomen,P-3,"Port Moresby,  PAPUA NEW GUINEA              ","Mar-20-24
",External,cj_view_job.cfm?cur_job_id=115555
* Call for Applications - UN Women Roster: Human Rights Due Diligence Policy on United Nations support to non-United Nations Security Forces (HRDDP) Risk Assessments,UNWomen,,Home Based,"Mar-26-24
",External,https://estm.fa.em2.oraclecloud.com/hcmUI/CandidateExperience/en/sites/CX_1001/requisitions/job/16575
Internship with Innovation Team,UNDP,Intern,"(Home-Based),  TURKEY                        ","Mar-10-24
",External,cj_view_job.cfm?cur_job_id=115486
"Data Science Fellow (ML/NLP/LLMs) (Full-Time, Home-based)",UNDP,Other,"Istanbul,  TURKEY                        ","Mar-10-24
",External,cj_view_job.cfm?cur_job_id=115488
* Digital and Agri-Finance Specialist,UNCDF,IPSA-10,"Port Moresby, Papua New Guinea","Mar-11-24
",External,https://estm.fa.em2.oraclecloud.com/hcmUI/CandidateExperience/en/sites/CX_1/requisitions/job/16611
* PMU State Coordinator,UNDP,NPSA-8,"Bhubaneswar, India","Mar-11-24
",External,https://estm.fa.em2.oraclecloud.com/hcmUI/CandidateExperience/en/sites/CX_1/requisitions/job/16621
"* Monitoring, Impact and Knowledge Management Specialist",UNDP,NPSA-10,"Lahore, Pakistan","Mar-11-24
",External,https://estm.fa.em2.oraclecloud.com/hcmUI/CandidateExperience/en/sites/CX_1/requisitions/job/16618
"* Social Economic, Policy and Inclusion Specialist",UNDP,NPSA-10,"Lahore, Pakistan","Mar-11-24
",External,https://estm.fa.em2.oraclecloud.com/hcmUI/CandidateExperience/en/sites/CX_1/requisitions/job/16614
* Project Associate – Monitoring and Evaluation,UNDP,,"Bhubaneswar, India","Mar-13-24
",External,https://estm.fa.em2.oraclecloud.com/hcmUI/CandidateExperience/en/sites/CX_1/requisitions/job/16664
* Project Associate - Sustainable Livelihood and Skill development,UNDP,,"Bhubaneswar, India","Mar-13-24
",External,https://estm.fa.em2.oraclecloud.com/hcmUI/CandidateExperience/en/sites/CX_1/requisitions/job/16666
* Financing for Development Specialist,UNDP,NPSA-10,"Lahore, Pakistan","Mar-13-24
",External,https://estm.fa.em2.oraclecloud.com/hcmUI/CandidateExperience/en/sites/CX_1/requisitions/job/16670
* Communications & Outreach Analyst,UNDP,NPSA-9,"Lahore, Pakistan","Mar-13-24
",External,https://estm.fa.em2.oraclecloud.com/hcmUI/CandidateExperience/en/sites/CX_1/requisitions/job/16671
"* Project Officer (PVTGs, Art 273, PMAAGY)",UNDP,NPSA-8,"Bhubaneswar, India","Mar-14-24
",External,https://estm.fa.em2.oraclecloud.com/hcmUI/CandidateExperience/en/sites/CX_1/requisitions/job/16686
International Consultant – Digitalization for Women Economic Empowerment (D4WEE),UNWomen,International Consultant,"Islamabad,  PAKISTAN                      ","Mar-15-24
",External,cj_view_job.cfm?cur_job_id=115544
* Admin & Finance Associate,UNDP,NPSA-6,"Lahore, Pakistan","Mar-15-24
",External,https://estm.fa.em2.oraclecloud.com/hcmUI/CandidateExperience/en/sites/CX_1/requisitions/job/16716
"Internship Opportunity with the Partnerships, Policy and Communications Unit (UNCDF)",UNCDF,Intern,"New York,  UNITED STATES OF AMERICA      ","Mar-30-24
",External,cj_view_job.cfm?cur_job_id=110263
"Intern, Local Transformative Finance UNCDF Regional Office for West and Central Africa",UNCDF,Intern,"Dakar,  SENEGAL                       ","Apr-16-24
",External,cj_view_job.cfm?cur_job_id=115138
* Energy Analyst,UNDP,NPSA-9,"Kabul, Afghanistan","Mar-4-24
",External,https://estm.fa.em2.oraclecloud.com/hcmUI/CandidateExperience/en/sites/CX_1/requisitions/job/16235
* Asociado(a) de Proyecto en Nivel de Referencia de Emisiones Forestales,UNDP,NPSA-7,"Quito, Ecuador","Mar-4-24
",External,https://estm.fa.em2.oraclecloud.com/hcmUI/CandidateExperience/en/sites/CX_1/requisitions/job/15842
* Project Associate,UNDP,NPSA-7,Moldova,"Mar-4-24
",External,https://estm.fa.em2.oraclecloud.com/hcmUI/CandidateExperience/en/sites/CX_1/requisitions/job/16204
* Project Climate Change Officer,UNDP,NPSA-8,"Dushanbe, Tajikistan","Mar-4-24
",External,https://estm.fa.em2.oraclecloud.com/hcmUI/CandidateExperience/en/sites/CX_1/requisitions/job/16431
Internship – Climate and Environment Team (6 Openings),UNDP,Intern,"Colombo,  SRI LANKA                     ","Mar-5-24
",External,cj_view_job.cfm?cur_job_id=115429
* Project Technical Officer,UNDP,NPSA-9,"Nuku'Alofa, Tonga","Mar-5-24
",External,https://estm.fa.em2.oraclecloud.com/hcmUI/CandidateExperience/en/sites/CX_1/requisitions/job/16498
* Monitoring & Evaluation Officer,UNDP,NPSA-9,"Nuku'Alofa, Tonga","Mar-5-24
",External,https://estm.fa.em2.oraclecloud.com/hcmUI/CandidateExperience/en/sites/CX_1/requisitions/job/16444
* Project Manager,UNDP,NPSA-10,"Nuku'Alofa, Tonga","Mar-5-24
",External,https://estm.fa.em2.oraclecloud.com/hcmUI/CandidateExperience/en/sites/CX_1/requisitions/job/16505
* Regional Technical Specialist for Climate Change Mitigation and Energy,UNDP,P4,"Amman, Jordan","Mar-5-24
",External,https://estm.fa.em2.oraclecloud.com/hcmUI/CandidateExperience/en/sites/CX_1/requisitions/job/16352
* Project Analyst - Resilient Water Supply,UNDP,NPSA-9,"Maputo, Mozambique","Mar-5-24
",External,https://estm.fa.em2.oraclecloud.com/hcmUI/CandidateExperience/en/sites/CX_1/requisitions/job/16412
* National Project Manager,UNDP,NPSA-10,"Accra, Ghana","Mar-5-24
",External,https://estm.fa.em2.oraclecloud.com/hcmUI/CandidateExperience/en/sites/CX_1/requisitions/job/16428
* Project Coordinator - SIDS,UNDP,NPSA-8,"St. John's, Antigua and Barbuda","Mar-5-24
",External,https://estm.fa.em2.oraclecloud.com/hcmUI/CandidateExperience/en/sites/CX_1/requisitions/job/16519
* Project Finance Associate,UNDP,NPSA-7,"Manila, Philippines","Mar-6-24
",External,https://estm.fa.em2.oraclecloud.com/hcmUI/CandidateExperience/en/sites/CX_1/requisitions/job/16663
* Project Officer,UNDP,NPSA-8,"Beirut, Lebanon","Mar-6-24
",External,https://estm.fa.em2.oraclecloud.com/hcmUI/CandidateExperience/en/sites/CX_1/requisitions/job/16537
* Analista de Coordinación Binacional Proyecto Humboldt II,UNDP,NPSA-9,"Valparaiso, Chile","Mar-6-24
",External,https://estm.fa.em2.oraclecloud.com/hcmUI/CandidateExperience/en/sites/CX_1/requisitions/job/16529
* Project Associate - NPSA 6,UNDP,NPSA-6,"Yerevan, Armenia","Mar-6-24
",External,https://estm.fa.em2.oraclecloud.com/hcmUI/CandidateExperience/en/sites/CX_1/requisitions/job/16497
* Project Coordinator,UNDP,NPSA-9,"Vientiane, Lao People's Democratic Republic","Mar-7-24
",External,https://estm.fa.em2.oraclecloud.com/hcmUI/CandidateExperience/en/sites/CX_1/requisitions/job/16362
* Programme Associate,UNDP,G6,"New York, United States","Mar-7-24
",External,https://estm.fa.em2.oraclecloud.com/hcmUI/CandidateExperience/en/sites/CX_1/requisitions/job/16576
"* Protected Areas Associate (Part time, 80%) DS: Gjirokaster / Vlore / Fier",UNDP,NPSA-7,Albania,"Mar-7-24
",External,https://estm.fa.em2.oraclecloud.com/hcmUI/CandidateExperience/en/sites/CX_1/requisitions/job/16536
* Project Manager,UNDP,NPSA-10,"Chisinau, Moldova","Mar-7-24
",External,https://estm.fa.em2.oraclecloud.com/hcmUI/CandidateExperience/en/sites/CX_1/requisitions/job/16019
* Project Associate,UNDP,NPSA-7,"Chisinau, Moldova","Mar-7-24
",External,https://estm.fa.em2.oraclecloud.com/hcmUI/CandidateExperience/en/sites/CX_1/requisitions/job/16534
* Water Management Analyst,UNDP,NPSA-8,"Ashkhabad, Turkmenistan","Mar-7-24
",External,https://estm.fa.em2.oraclecloud.com/hcmUI/CandidateExperience/en/sites/CX_1/requisitions/job/16533
* Project Climate Finance Officer,UNDP,NPSA-8,"Dushanbe, Tajikistan","Mar-7-24
",External,https://estm.fa.em2.oraclecloud.com/hcmUI/CandidateExperience/en/sites/CX_1/requisitions/job/16508
* Communication Analyst,UNDP,NPSA-8,"Chisinau, Moldova","Mar-8-24
",External,https://estm.fa.em2.oraclecloud.com/hcmUI/CandidateExperience/en/sites/CX_1/requisitions/job/16408
* Auxiliar en Administración de Base de Datos,UNDP,NPSA-4,"Panama City, Panama","Mar-9-24
",External,https://estm.fa.em2.oraclecloud.com/hcmUI/CandidateExperience/en/sites/CX_1/requisitions/job/16002
* Project Manager NPSA 10-NCE - AIM-WELL : Algérie Gestion intégrée de l'énergie des déchets au niveau local,UNDP,NPSA-10,"Algiers, Algeria","Mar-9-24
",External,https://estm.fa.em2.oraclecloud.com/hcmUI/CandidateExperience/en/sites/CX_1/requisitions/job/16617
* Project Procurement Associate,UNDP,NPSA-6,"Skopje, North Macedonia","Mar-10-24
",External,https://estm.fa.em2.oraclecloud.com/hcmUI/CandidateExperience/en/sites/CX_1/requisitions/job/16597
* Programme Coordinator,UNDP,SB5,"Abidjan, Cote d'Ivoire","Mar-10-24
",External,https://estm.fa.em2.oraclecloud.com/hcmUI/CandidateExperience/en/sites/CX_1/requisitions/job/16620
* Project Manager (Home-Based),UNDP,IPSA-11,Home Based,"Mar-10-24
",External,https://estm.fa.em2.oraclecloud.com/hcmUI/CandidateExperience/en/sites/CX_1/requisitions/job/16581
* Adaptive Livelihood Analyst,UNDP,NPSA-9,"Khulna, Bangladesh","Mar-11-24
",External,https://estm.fa.em2.oraclecloud.com/hcmUI/CandidateExperience/en/sites/CX_1/requisitions/job/16609
* Project Analyst,UNDP,NPSA-8,"Chisinau, Moldova","Mar-11-24
",External,https://estm.fa.em2.oraclecloud.com/hcmUI/CandidateExperience/en/sites/CX_1/requisitions/job/15828
* Civil Engineering Manager,UNDP,IPSA-11,"Copenhagen, Denmark","Mar-11-24
",External,https://estm.fa.em2.oraclecloud.com/hcmUI/CandidateExperience/en/sites/CX_1/requisitions/job/16275
* National Climate Change Technical Specialist,UNCDF,NPSA-10,"Vientiane, Lao People's Democratic Republic","Mar-12-24
",External,https://estm.fa.em2.oraclecloud.com/hcmUI/CandidateExperience/en/sites/CX_1/requisitions/job/16207
"* Private Sector Coordination Officer, Asia and the Pacific",UNDP,IPSA-10,"Bangkok, Thailand","Mar-12-24
",External,https://estm.fa.em2.oraclecloud.com/hcmUI/CandidateExperience/en/sites/CX_1/requisitions/job/16647
* Warehouse Assistant - RMI GCF Project,UNDP,NPSA-5,"Majuro, Marshall Islands","Mar-13-24
",External,https://estm.fa.em2.oraclecloud.com/hcmUI/CandidateExperience/en/sites/CX_1/requisitions/job/16197
* Project Assistant-R2R Project Phase II,UNDP,NPSA-5,"Nuku'Alofa, Tonga","Mar-13-24
",External,https://estm.fa.em2.oraclecloud.com/hcmUI/CandidateExperience/en/sites/CX_1/requisitions/job/16286
* Asociado(a) de Proyecto,UNDP,NPSA-7,"Montevideo, Uruguay","Mar-13-24
",External,https://estm.fa.em2.oraclecloud.com/hcmUI/CandidateExperience/en/sites/CX_1/requisitions/job/16673
"National Programme Coordinator, Women's Resilience to Disasters / WRD (Open to Fiji Nationals Only)",UNWomen,SB-4,"Suva,  FIJI                          ","Mar-14-24
",External,cj_view_job.cfm?cur_job_id=115531
* National Project Manager for JSB ASEAN,UNDP,NPSA-10,"Jakarta Pusat, Indonesia","Mar-14-24
",External,https://estm.fa.em2.oraclecloud.com/hcmUI/CandidateExperience/en/sites/CX_1/requisitions/job/16689
* Technical Associate - Disaster Management,UNDP,NPSA-7,"Mumbai, India","Mar-14-24
",External,https://estm.fa.em2.oraclecloud.com/hcmUI/CandidateExperience/en/sites/CX_1/requisitions/job/16685
* Asociado (a) Técnico (a) en Desarrollo Comunitario,UNDP,NPSA-6,"Panama City, Panama","Mar-14-24
",External,https://estm.fa.em2.oraclecloud.com/hcmUI/CandidateExperience/en/sites/CX_1/requisitions/job/15841
* Project Manager,UNDP,NPSA-9,"Khujand, Tajikistan","Mar-14-24
",External,https://estm.fa.em2.oraclecloud.com/hcmUI/CandidateExperience/en/sites/CX_1/requisitions/job/16682
Gender and Climate Change/Disaster Risk Reduction Analyst - SC/SB4 (equivalent to NOB),UNWomen,SB-4,"Ha Noi,  VIET NAM                      ","Mar-15-24
",External,cj_view_job.cfm?cur_job_id=115506
* Collective Action Platform Analyst,UNDP,NPSA-8,"Honiara, Solomon Islands","Mar-15-24
",External,https://estm.fa.em2.oraclecloud.com/hcmUI/CandidateExperience/en/sites/CX_1/requisitions/job/16715
* Project Engineer,UNDP,NPSA-9,"Port-Vila, Vanuatu","Mar-15-24
",External,https://estm.fa.em2.oraclecloud.com/hcmUI/CandidateExperience/en/sites/CX_1/requisitions/job/16363
* Institutional Development and Capacity Building Project Manager,UNDP,NPSA-9,"Chisinau, Moldova","Mar-15-24
",External,https://estm.fa.em2.oraclecloud.com/hcmUI/CandidateExperience/en/sites/CX_1/requisitions/job/16712
* Project Finance Associate,UNDP,NPSA-7,"Chisinau, Moldova","Mar-15-24
",External,https://estm.fa.em2.oraclecloud.com/hcmUI/CandidateExperience/en/sites/CX_1/requisitions/job/16636
"* Project Analyst, NPSA-9, DS-Kyiv, (National position)",UNDP,NPSA-9,"Kyiv, Ukraine","Mar-15-24
",External,https://estm.fa.em2.oraclecloud.com/hcmUI/CandidateExperience/en/sites/CX_1/requisitions/job/16713
Gender in Humanitarian and DRR Coordination Analyst (For Filipino National Only),UNWomen,SC-9,"Manila,  PHILIPPINES                   ","Mar-17-24
",External,cj_view_job.cfm?cur_job_id=115552
* Warehouse Associate - ACWA,UNDP,NPSA-6,"Majuro, Marshall Islands","Mar-18-24
",External,https://estm.fa.em2.oraclecloud.com/hcmUI/CandidateExperience/en/sites/CX_1/requisitions/job/16391
* Project Associate (ROSTER NPSA-6) - UNDP Moldova Projects,UNDP,NB3,"Chisinau, Moldova","Mar-5-24
",External,https://estm.fa.em2.oraclecloud.com/hcmUI/CandidateExperience/en/sites/CX_1/requisitions/job/16067
* Programme Associate (2 posts),UNDP,G6,"Dushanbe, Tajikistan","Mar-6-24
",External,https://estm.fa.em2.oraclecloud.com/hcmUI/CandidateExperience/en/sites/CX_1/requisitions/job/16531
* Driver,UNDP,NPSA-2,"Harare, Zimbabwe","Mar-6-24
",External,https://estm.fa.em2.oraclecloud.com/hcmUI/CandidateExperience/en/sites/CX_1/requisitions/job/16568
* Specialiste de Projets,UNDP,NPSA-10,"Libreville, Gabon","Mar-6-24
",External,https://estm.fa.em2.oraclecloud.com/hcmUI/CandidateExperience/en/sites/CX_1/requisitions/job/16702
* Project Associate (NPSA-6) - UNDP Moldova/Enhancing human security in Moldova through agri-food resilience to intensifying external and climate shocks,UNDP,NPSA-6,"Chisinau, Moldova","Mar-7-24
",External,https://estm.fa.em2.oraclecloud.com/hcmUI/CandidateExperience/en/sites/CX_1/requisitions/job/16127
* Civil Engineer (Analyst),UNDP,NPSA-8,"Aden, Yemen","Mar-9-24
",External,https://estm.fa.em2.oraclecloud.com/hcmUI/CandidateExperience/en/sites/CX_1/requisitions/job/16638
"* Programme Assistant, UNODC in Astana",UNDP,SB2,Kazakhstan,"Mar-10-24
",External,https://estm.fa.em2.oraclecloud.com/hcmUI/CandidateExperience/en/sites/CX_1/requisitions/job/16592
* Regional Specialist,UNDP,NPSA-10,"Islamabad, Pakistan","Mar-12-24
",External,https://estm.fa.em2.oraclecloud.com/hcmUI/CandidateExperience/en/sites/CX_1/requisitions/job/16641
"* Coordinateur(trice) de Projet, Expert en Renforcement de Capacités",UNDP,NPSA-9,"Libreville, Gabon","Mar-12-24
",External,https://estm.fa.em2.oraclecloud.com/hcmUI/CandidateExperience/en/sites/CX_1/requisitions/job/16669
* Project Associate (ROSTER NPSA-7) - UNDP Moldova Projects,UNDP,NB3,"Chisinau, Moldova","Mar-14-24
",External,https://estm.fa.em2.oraclecloud.com/hcmUI/CandidateExperience/en/sites/CX_1/requisitions/job/16276
* Chargé(e) de la Coordination Civilo-Militaire - UNOCHA - Staff National uniquement,UNDP,NOB,"Ouagadougou, Burkina Faso","Mar-15-24
",External,https://estm.fa.em2.oraclecloud.com/hcmUI/CandidateExperience/en/sites/CX_1/requisitions/job/16375
* Security Operations Centre Assistant,UNDP,NB2,"Ankara, Türkiye","Mar-17-24
",External,https://estm.fa.em2.oraclecloud.com/hcmUI/CandidateExperience/en/sites/CX_1/requisitions/job/16726
* Stagiaire en Communication,UNDP,,"Bamako, Mali","Mar-17-24
",External,https://estm.fa.em2.oraclecloud.com/hcmUI/CandidateExperience/en/sites/CX_1/requisitions/job/16732
* Analyste Programme Communautaire TB et VIH,UNDP,NPSA-9,"Brazzaville, Congo","Mar-4-24
",External,https://estm.fa.em2.oraclecloud.com/hcmUI/CandidateExperience/en/sites/CX_1/requisitions/job/16305
* Analyste Programme Communautaire TB et VIH,UNDP,NPSA-9,"Brazzaville, Congo","Mar-4-24
",External,https://estm.fa.em2.oraclecloud.com/hcmUI/CandidateExperience/en/sites/CX_1/requisitions/job/16305
"* Laboratory Associate (For Local Residents in Tajikistan, NPSA-6)",UNDP,NB3,"Dushanbe, Tajikistan","Mar-6-24
",External,https://estm.fa.em2.oraclecloud.com/hcmUI/CandidateExperience/en/sites/CX_1/requisitions/job/16530
* Spécialiste Choléra,UNDP,NPSA-10,"Port-au-Prince, Haiti","Mar-6-24
",External,https://estm.fa.em2.oraclecloud.com/hcmUI/CandidateExperience/en/sites/CX_1/requisitions/job/16371
* Civil Engineering Specialist,UNDP,NPSA-10,"Pemba, Mozambique","Mar-6-24
",External,https://estm.fa.em2.oraclecloud.com/hcmUI/CandidateExperience/en/sites/CX_1/requisitions/job/16495
* Programme Coordinator,UNDP,NPSA-10,"La Paz, Bolivia","Mar-7-24
",External,https://estm.fa.em2.oraclecloud.com/hcmUI/CandidateExperience/en/sites/CX_1/requisitions/job/16574
* Medical Laboratory Technologist Assistant,UNDP,NPSA-5,"Hargeisa, Somalia","Mar-7-24
",External,https://estm.fa.em2.oraclecloud.com/hcmUI/CandidateExperience/en/sites/CX_1/requisitions/job/16106
* Communications Assistant for SMILE Project,UNDP,NPSA-5,"Jakarta Pusat, Indonesia","Mar-8-24
",External,https://estm.fa.em2.oraclecloud.com/hcmUI/CandidateExperience/en/sites/CX_1/requisitions/job/16577
WHO Field Information Officer,Other UN Agencies,Other,"East Jerusalem,  PALESTINIAN TERRITORIES","Mar-10-24
",External,cj_view_job.cfm?cur_job_id=115519
WHO Field Information Officer,Other UN Agencies,Other,"Gaza,  PALESTINIAN TERRITORIES","Mar-10-24
",External,cj_view_job.cfm?cur_job_id=115520
WHO Project Coordinator,Other UN Agencies,Other,"East Jerusalem,  PALESTINIAN TERRITORIES","Mar-10-24
",External,cj_view_job.cfm?cur_job_id=115521
* Project Associate for SMILE  (Duty Station: Ambon/Maluku - Indonesia),UNDP,NPSA-7,Indonesia,"Mar-13-24
",External,https://estm.fa.em2.oraclecloud.com/hcmUI/CandidateExperience/en/sites/CX_1/requisitions/job/16659
* IT Network and Infrastructure Assistant BGSI,UNDP,,"Jakarta Pusat, Indonesia","Mar-13-24
",External,https://estm.fa.em2.oraclecloud.com/hcmUI/CandidateExperience/en/sites/CX_1/requisitions/job/16658
* Provincial Assistant,UNDP,NPSA-5,"Yogyakarta, Indonesia","Mar-13-24
",External,https://estm.fa.em2.oraclecloud.com/hcmUI/CandidateExperience/en/sites/CX_1/requisitions/job/16662
* GF Programme Specialist (Nationals Only),UNDP,NOC,"Teheran, Iran, Islamic Republic of","Mar-18-24
",External,https://estm.fa.em2.oraclecloud.com/hcmUI/CandidateExperience/en/sites/CX_1/requisitions/job/16751
* Technical Officer (Information and knowledge management),UNDP,P2,"Geneve, Switzerland","Mar-26-24
",External,https://estm.fa.em2.oraclecloud.com/hcmUI/CandidateExperience/en/sites/CX_1/requisitions/job/16545
"Programme Associate, Cox's Bazar(Local Post for Bangladesh Nationals and Applicants with Valid Work Permit)",UNWomen,SB-3,"Cox's Bazar,  BANGLADESH                    ","Mar-4-24
",External,cj_view_job.cfm?cur_job_id=115424
Partnerships and Resource Mobilization International Consultant,UNWomen,International Consultant,"Homebased,  UNITED STATES OF AMERICA      ","Mar-4-24
",External,cj_view_job.cfm?cur_job_id=115500
Spécialiste de la localisation du genre dans l'action humanitaire,UNWomen,SC-8,"Goma,  CONGO, DEM. REPUBLIC          ","Mar-4-24
",External,cj_view_job.cfm?cur_job_id=115378
International Consultant to support the preparation of SN of UN Women DRC Strategic Note 2025-2029,UNWomen,International Consultant,"Kinshasa,  CONGO, DEM. REPUBLIC          ","Mar-4-24
",External,cj_view_job.cfm?cur_job_id=115383
National Consultant- Facilitating Training on Gende in Humanitarian Action and Protection from Sexual Exploitation and Abuse (PSEA),UNWomen,National Consultant,"Addis Ababa,  ETHIOPIA                      ","Mar-5-24
",External,cj_view_job.cfm?cur_job_id=115496
Gender Equality Specialist to the UN Resident Coordinator,UNWomen,P-4,"Libreville,  GABON                         ","Mar-5-24
",External,cj_view_job.cfm?cur_job_id=115498
National Consultant – Training Coordinator on Mentoring in the Workplace,UNWomen,National Consultant,"Cairo,  EGYPT                         ","Mar-5-24
",External,cj_view_job.cfm?cur_job_id=115430
UN Women:  Programme Analyst,UNWomen,P-2,"New York,  UNITED STATES OF AMERICA      ","Mar-5-24
",External,cj_view_job.cfm?cur_job_id=115431
Re-advertisement -Finance Associate (Sudanese Nationals ONLY- Candidates who previously applied need not re-apply),UNWomen,GS-6,"Port Sudan,  SUDAN                         ","Mar-5-24
",External,cj_view_job.cfm?cur_job_id=115438
Monitoring and Evaluation Specialist,UNWomen,International Consultant,Home-based,"Mar-5-24
",External,cj_view_job.cfm?cur_job_id=115511
Programme Management Specialist,UNWomen,NO-D,"Kyiv,  UKRAINE                       ","Mar-5-24
",External,cj_view_job.cfm?cur_job_id=115460
ONUMUJERES/ECU/PS/24-002 Técnica Especialista Nacional de la Iniciativa Spotlight (IS) 2.0 de ONU Mujeres,UNWomen,SB-3,"Quito,  ECUADOR                       ","Mar-5-24
",External,cj_view_job.cfm?cur_job_id=115448
ONUMUJERES/ECU/PS/24-003 Coordinador/a Programa Iniciativa Spotlight Ecuador 2.0,UNWomen,SB-4,"Quito,  ECUADOR                       ","Mar-5-24
",External,cj_view_job.cfm?cur_job_id=115450
Programme Associate - National ONLY,UNWomen,SC-7,"Beirut,  LEBANON                       ","Mar-6-24
",External,cj_view_job.cfm?cur_job_id=115451
Programme Analyst (Local post for Nationals of Türkiye),UNWomen,NO-A,"Istanbul,  TURKEY                        ","Mar-6-24
",External,cj_view_job.cfm?cur_job_id=115442
Content Editor (Homebased),UNWomen,International Consultant,"Bridgetown,  BARBADOS                      ","Mar-6-24
",External,cj_view_job.cfm?cur_job_id=115463
Consultant-e pour l’analyse diagnostique des grands défis et opportunités au niveau de chaque Unité dans la perspective de la nouvelle Note Stratégique 2025-2029 d’ONU Femmes Mali,UNWomen,National Consultant,"Bamako,  MALI                          ","Mar-6-24
",External,cj_view_job.cfm?cur_job_id=115518
"National Consultant - Monitoring, Evaluation, Research and Learning (MERL) Analyst",UNWomen,National Consultant,"Cairo,  EGYPT                         ","Mar-7-24
",External,cj_view_job.cfm?cur_job_id=115458
National Consultant on Gender Responsive Budgeting and Public Finance Management (Retainer),UNWomen,Other,"Tirana,  ALBANIA                       ","Mar-7-24
",External,cj_view_job.cfm?cur_job_id=115469
Programme Specialist – Regional Executive Office,UNWomen,P-3,"Cairo,  EGYPT                         ","Mar-7-24
",External,cj_view_job.cfm?cur_job_id=115439
Consultant to Support Business Coaching and Economic Empowerment Activities for Indigenous and Tribal Communities in Suriname (Homebased),UNWomen,International Consultant,"Bridgetown,  BARBADOS                      ","Mar-8-24
",External,cj_view_job.cfm?cur_job_id=115474
Consultant To Support Economic Livelihood Programmes for Indigenous and Tribal communities in Suriname (Homebased),UNWomen,International Consultant,"Bridgetown,  BARBADOS                      ","Mar-8-24
",External,cj_view_job.cfm?cur_job_id=115475
Event Manager Consultant (Retainer),UNWomen,International Consultant,"Bridgetown,  BARBADOS                      ","Mar-8-24
",External,cj_view_job.cfm?cur_job_id=115476
Administrative Associate,UNWomen,GS-6,"Harare,  ZIMBABWE                      ","Mar-8-24
",External,cj_view_job.cfm?cur_job_id=115453
Regional Strategic Planning Specialist,UNWomen,P-4,"Dakar,  SENEGAL                       ","Mar-8-24
",External,cj_view_job.cfm?cur_job_id=115459
Event Manager Consultant (Homebased),UNWomen,International Consultant,"Bridgetown,  BARBADOS                      ","Mar-8-24
",External,cj_view_job.cfm?cur_job_id=115465
Partnership for Peace Consultant (Homebased),UNWomen,International Consultant,"Bridgetown,  BARBADOS                      ","Mar-8-24
",External,cj_view_job.cfm?cur_job_id=115468
Gender Protocol Consultant (Homebased),UNWomen,International Consultant,"Bridgetown,  BARBADOS                      ","Mar-8-24
",External,cj_view_job.cfm?cur_job_id=115464
Consultant To Develop SIDS Briefs (Homebased),UNWomen,International Consultant,"Bridgetown,  BARBADOS                      ","Mar-8-24
",External,cj_view_job.cfm?cur_job_id=115471
Consultoría Internacional para facilitar la implementación de la Matriz de indicadores del Equipo País sobre Igualdad de Género y Empoderamiento de las Mujeres (UNCT SWAP Gender Equality Scorecard Assessment) Hibrido,UNWomen,International Consultant,"Ciudad de Panamá,  PANAMA                        ","Mar-8-24
",External,cj_view_job.cfm?cur_job_id=115540
"Programme Analyst, Humanitarian Action",UNWomen,P-2,"Khartoum,  SUDAN                         ","Mar-8-24
",External,cj_view_job.cfm?cur_job_id=115545
Strategic Planning and Coordination Analyst (For nationals of Philippines only),UNWomen,SC-9,"Manila,  PHILIPPINES                   ","Mar-8-24
",External,cj_view_job.cfm?cur_job_id=115480
Ending Violence against Women Consultant,UNWomen,International Consultant,Home based,"Mar-8-24
",External,cj_view_job.cfm?cur_job_id=115489
"Country Representative, Myanmar",UNWomen,P-5,"Yangon,  MYANMAR                       ","Mar-8-24
",External,cj_view_job.cfm?cur_job_id=115418
"IC/SSA Consultant - Evaluation Support (x2 Positions) (Open to Fiji, Samoa, Solomon Islands and Vanuatu Nationals) - (Re-Advertised)",UNWomen,National Consultant,"Home-Based / Remote Working,  FIJI                          ","Mar-8-24
",External,cj_view_job.cfm?cur_job_id=115397
Chauffeur projet Humanitaire,UNWomen,SB-1,"ABIDJAN,  COTE d'IVOIRE                 ","Mar-9-24
",External,cj_view_job.cfm?cur_job_id=115495
Expert-e humanitaire,UNWomen,SB-4,"ABIDJAN,  COTE d'IVOIRE                 ","Mar-9-24
",External,cj_view_job.cfm?cur_job_id=115494
Associé (e) aux Ressources Humaines,UNWomen,GS-6,"Bamako, Mali,  MALI                          ","Mar-10-24
",External,cj_view_job.cfm?cur_job_id=115485
National consultant on strategic advisory on Gender-Responsive Practices in Public Finance Management,UNWomen,National Consultant,CHISINAU,"Mar-10-24
",External,cj_view_job.cfm?cur_job_id=115497
International Consultant – Gender in Humanitarian Action programming  (Retainer),UNWomen,International Consultant,"Home based (with travel to Bangladesh as required),  BANGLADESH                    ","Mar-10-24
",External,cj_view_job.cfm?cur_job_id=115490
Private Sector Engagement and Innovative Financing Consultant,UNWomen,International Consultant,"Office based, in Dakar, Senegal or Abidjan, Cote d’Ivoire, with at least 50% of time traveling outside the duty station","Mar-10-24
",External,cj_view_job.cfm?cur_job_id=115532
"Programme Associate – Programme Management Support, Communications and Advocacy",UNWomen,GS-7,"Kabul with travel to Provinces,  AFGHANISTAN                   ","Mar-10-24
",External,cj_view_job.cfm?cur_job_id=115455
"Programme Officer, Thailand Country Programme (for Thai National Only)",UNWomen,SC-8,"Bangkok,  THAILAND                      ","Mar-10-24
",External,cj_view_job.cfm?cur_job_id=115478
International Environmental Safeguards Specialist,UNWomen,International Consultant,"Juba,  SOUTH SUDAN","Mar-11-24
",External,cj_view_job.cfm?cur_job_id=115425
International Social Safeguards Specialist,UNWomen,International Consultant,"Juba,  SOUTH SUDAN","Mar-11-24
",External,cj_view_job.cfm?cur_job_id=115426
Operations Intern (multiple positions),UNWomen,Intern,"Abuja,  NIGERIA                       ","Mar-11-24
",External,cj_view_job.cfm?cur_job_id=115549
Consultant/e pour documenter l’expérience des femmes dans les processus de transition politiques en Afrique de l’Ouest et du centre,UNWomen,International Consultant,Home based,"Mar-11-24
",External,cj_view_job.cfm?cur_job_id=115547
Consultant - Event and Logistics UN Women Africa Communications Retreat,UNWomen,National Consultant,"Pretoria,  SOUTH AFRICA                  ","Mar-11-24
",External,cj_view_job.cfm?cur_job_id=115550
"Programme Specialist, HA/EVAW",UNWomen,International Consultant,"Geneva,  SWITZERLAND                   ","Mar-11-24
",External,cj_view_job.cfm?cur_job_id=115482
"Consultoría Local: Apoyo administrativo al proyecto Liderazgo, Empoderamiento, Acceso y Protección de las mujeres (LEAP) en la crisis de movilidad humana en Centroamérica",UNWomen,National Consultant,"Panama,  PANAMA                        ","Mar-11-24
",External,cj_view_job.cfm?cur_job_id=115529
"Consultoría Local: Especialista en Liderazgo, Empoderamiento, Acceso y Protección de las mujeres en movilidad humana en Panamá",UNWomen,National Consultant,"Panama,  PANAMA                        ","Mar-11-24
",External,cj_view_job.cfm?cur_job_id=115530
"Programme Analyst, Women Increased Leadership for Resilient and Peaceful Societies (Local Post for Nationals of Türkiye)",UNWomen,NO-A,"Istanbul,  TURKEY                        ","Mar-12-24
",External,cj_view_job.cfm?cur_job_id=115508
Regional Coordination Specialist,UNWomen,P-4,"Dakar,  SENEGAL                       ","Mar-12-24
",External,cj_view_job.cfm?cur_job_id=115499
National Consultant on Gender Responsible Recovery for the Ministry of Social Policy of Ukraine,UNWomen,National Consultant,"Kyiv,  UKRAINE                       ","Mar-12-24
",External,cj_view_job.cfm?cur_job_id=115242
UN Women:  Policy Specialist – Prevention of Violence against Women and Girls,UNWomen,P-4,"Nairobi,  KENYA                         ","Mar-12-24
",External,cj_view_job.cfm?cur_job_id=115433
UN Women: Information Communication Technology (ICT) Associate - (Re-Advertised),UNWomen,GS-7,"New York,  UNITED STATES OF AMERICA      ","Mar-12-24
",External,cj_view_job.cfm?cur_job_id=115151
"UN Women Chief, Financial Reporting",UNWomen,P-5,"New York,  UNITED STATES OF AMERICA      ","Mar-13-24
",External,cj_view_job.cfm?cur_job_id=115462
Communications Associate/SB3.5,UNWomen,SB-3,"CHISINAU,  MOLDOVA                       ","Mar-13-24
",External,cj_view_job.cfm?cur_job_id=115514
"Administrative Assistant, Gender Equality for Georgia (GG4G), United Nations Entity for Gender Equality and Empowerment of Women (UN Women)",UNWomen,SB-3,"Tbilisi,  GEORGIA                       ","Mar-13-24
",External,cj_view_job.cfm?cur_job_id=115501
UN Women:  Programme Analyst,UNWomen,P-2,"Geneva,  SWITZERLAND                   ","Mar-13-24
",External,cj_view_job.cfm?cur_job_id=115503
* Gender Specialist,UNDP,IPSA-10,"Bridgetown, Barbados","Mar-13-24
",External,https://estm.fa.em2.oraclecloud.com/hcmUI/CandidateExperience/en/sites/CX_1/requisitions/job/16652
"National Programme Coordinator, Women's Resilience to Disasters / WRD (Open to Fiji Nationals Only)",UNWomen,SB-4,"Suva,  FIJI                          ","Mar-14-24
",External,cj_view_job.cfm?cur_job_id=115531
UN Women:  Policy Specialist,UNWomen,P-4,"New York,  UNITED STATES OF AMERICA      ","Mar-14-24
",External,cj_view_job.cfm?cur_job_id=115394
National Consultant – Local Elections Analysis - Local post for Nationals,UNWomen,National Consultant,"Home - based,  TURKEY                        ","Mar-14-24
",External,cj_view_job.cfm?cur_job_id=115534
"UN Women:  Communications & Outreach Analyst, Women’s Peace and Humanitarian Fund",UNWomen,P-2,"New York,  UNITED STATES OF AMERICA      ","Mar-14-24
",External,cj_view_job.cfm?cur_job_id=115526
National Consultant / Legal Expert,UNWomen,National Consultant,"Tbilisi,  GEORGIA                       ","Mar-14-24
",External,cj_view_job.cfm?cur_job_id=115515
Human Resources Assistant,UNWomen,SB-3,"Kabul with travel to Provinces,  AFGHANISTAN                   ","Mar-14-24
",External,cj_view_job.cfm?cur_job_id=115491
Monitoring and Reporting Analyst,UNWomen,P-2,"Addis Ababa,  ETHIOPIA                      ","Mar-15-24
",External,cj_view_job.cfm?cur_job_id=115492
"National Consultant: Monitoring, Coordination, and Knowledge-sharing Facilitation for GBV Prevention (T4E)",UNWomen,National Consultant,"Dili (Timor-Leste), with possible travel in the municipalities,  Timor Leste","Mar-15-24
",External,cj_view_job.cfm?cur_job_id=115542
Ending Violence against Women (Senior) Technical Advisor,UNWomen,International Consultant,Home-based,"Mar-15-24
",External,cj_view_job.cfm?cur_job_id=115551
Head of Communications (Local Post for Indian Nationals and Applicants with Valid Work Permit),UNWomen,SB-5,"New Delhi,  INDIA                         ","Mar-15-24
",External,cj_view_job.cfm?cur_job_id=115535
Programme Associate,UNWomen,GS-6,"Amman,  JORDAN                        ","Mar-15-24
",External,cj_view_job.cfm?cur_job_id=115539
Finance Associate,UNWomen,GS-7,"Kabul with travel to Provinces,  AFGHANISTAN                   ","Mar-15-24
",External,cj_view_job.cfm?cur_job_id=115505
Gender in Humanitarian Action (GiHA) Coordination and Access Specialist,UNWomen,P-4,"Kabul,  AFGHANISTAN                   ","Mar-15-24
",External,cj_view_job.cfm?cur_job_id=115517
Finance Associate (G6),UNWomen,GS-6,"CHISINAU,  MOLDOVA                       ","Mar-15-24
",External,cj_view_job.cfm?cur_job_id=115546
* Call for Applications - Ending Violence Against Women and Girls Roster of Experts,UNWomen,,Multiple,"Mar-15-24
",External,https://estm.fa.em2.oraclecloud.com/hcmUI/CandidateExperience/en/sites/CX_1001/requisitions/job/11234
Gender in Humanitarian and DRR Coordination Analyst (For Filipino National Only),UNWomen,SC-9,"Manila,  PHILIPPINES                   ","Mar-17-24
",External,cj_view_job.cfm?cur_job_id=115552
Senior Consultant (Team Leader) on Response to Violence against Women,UNWomen,International Consultant,"Home - Based, Bangkok,  THAILAND                      ","Mar-18-24
",External,cj_view_job.cfm?cur_job_id=115543
UN Women: Systems Development Specialist (ERP and Data Management),UNWomen,P-3,"New York,  UNITED STATES OF AMERICA      ","Mar-20-24
",External,cj_view_job.cfm?cur_job_id=115527
UN Women: Policy and Advocacy Specialist,UNWomen,P-4,"New York,  UNITED STATES OF AMERICA      ","Mar-20-24
",External,cj_view_job.cfm?cur_job_id=115528
"Governance, Peace and Security Technical Specialist",UNWomen,P-3,"Port Moresby,  PAPUA NEW GUINEA              ","Mar-20-24
",External,cj_view_job.cfm?cur_job_id=115555
Procurement Analyste,UNWomen,SC-9,"Kinshasa,  CONGO, DEM. REPUBLIC          ","Mar-21-24
",External,cj_view_job.cfm?cur_job_id=115556
National Feminist Economist/Gender and Economics Policy Specialist,UNWomen,NO-C,"ABIDJAN,  COTE d'IVOIRE                 ","Nov-24-24
",External,cj_view_job.cfm?cur_job_id=114647
* Analista técnico de coordenação de projetos de Direitos Humanos (Home based),UNDP,NPSA-8,"Brasilia, Brazil","Mar-4-24
",External,https://estm.fa.em2.oraclecloud.com/hcmUI/CandidateExperience/en/sites/CX_1/requisitions/job/16490
* Analista (Coordenador) de projetos de Direitos Humanos (Home based),UNDP,NPSA-9,"Brasilia, Brazil","Mar-4-24
",External,https://estm.fa.em2.oraclecloud.com/hcmUI/CandidateExperience/en/sites/CX_1/requisitions/job/16488
* Head - Oversight and Support Team,UNDP,P4,"Sana'a, Yemen","Mar-4-24
",External,https://estm.fa.em2.oraclecloud.com/hcmUI/CandidateExperience/en/sites/CX_1/requisitions/job/16427
"* Executive Coordinator, Multi-Partner Trust Fund Office (MPTFO)",UNDP,D2,"New York, United States","Mar-4-24
",External,https://estm.fa.em2.oraclecloud.com/hcmUI/CandidateExperience/en/sites/CX_1/requisitions/job/16383
Internship – Climate and Environment Team (6 Openings),UNDP,Intern,"Colombo,  SRI LANKA                     ","Mar-5-24
",External,cj_view_job.cfm?cur_job_id=115429
Gender Equality Specialist to the UN Resident Coordinator,UNWomen,P-4,"Libreville,  GABON                         ","Mar-5-24
",External,cj_view_job.cfm?cur_job_id=115498
* Programme Analyst,UNV,NOB,"Caracas, Venezuela","Mar-5-24
",External,https://estm.fa.em2.oraclecloud.com/hcmUI/CandidateExperience/en/sites/CX_1/requisitions/job/16455
* Human Resources and  Knowledge Management Associate,UNDP,G7,"Rabat, Morocco","Mar-5-24
",External,https://estm.fa.em2.oraclecloud.com/hcmUI/CandidateExperience/en/sites/CX_1/requisitions/job/16518
* Project Assistant (Office Based),UNDP,NPSA-4,"Brasilia, Brazil","Mar-5-24
",External,https://estm.fa.em2.oraclecloud.com/hcmUI/CandidateExperience/en/sites/CX_1/requisitions/job/15711
* Associado de Comunicação (Home Based),UNDP,NPSA-7,"Brasilia, Brazil","Mar-5-24
",External,https://estm.fa.em2.oraclecloud.com/hcmUI/CandidateExperience/en/sites/CX_1/requisitions/job/16528
* Regional Portfolio Specialist,UNV,P3,"Amman, Jordan","Mar-5-24
",External,https://estm.fa.em2.oraclecloud.com/hcmUI/CandidateExperience/en/sites/CX_1/requisitions/job/16397
Facilities Project Management Consultant,UNWomen,National Consultant,"New York City,  UNITED STATES OF AMERICA      ","Mar-6-24
",External,cj_view_job.cfm?cur_job_id=115504
* Senior Field Security Specialist,UNDP,P4,Afghanistan,"Mar-6-24
",External,https://estm.fa.em2.oraclecloud.com/hcmUI/CandidateExperience/en/sites/CX_1/requisitions/job/16306
* Human Resources Assistant (Home Based),UNDP,NPSA-4,"Brasilia, Brazil","Mar-6-24
",External,https://estm.fa.em2.oraclecloud.com/hcmUI/CandidateExperience/en/sites/CX_1/requisitions/job/16541
* Associado em Projetos de Educação à Distância (Home Based),UNDP,NPSA-6,"Brasilia, Brazil","Mar-6-24
",External,https://estm.fa.em2.oraclecloud.com/hcmUI/CandidateExperience/en/sites/CX_1/requisitions/job/16548
* Especialista Geral (Office Based),UNDP,NPSA-10,"Brasilia, Brazil","Mar-6-24
",External,https://estm.fa.em2.oraclecloud.com/hcmUI/CandidateExperience/en/sites/CX_1/requisitions/job/16681
* Partnerships and Policy Analyst - IPSA 8,UNDP,IPSA-8,"Bonn, Germany","Mar-6-24
",External,https://estm.fa.em2.oraclecloud.com/hcmUI/CandidateExperience/en/sites/CX_1/requisitions/job/16674
* Assistente Produtor(a) Editorial e Conteúdo (Home Based),UNDP,NPSA-4,"Brasilia, Brazil","Mar-6-24
",External,https://estm.fa.em2.oraclecloud.com/hcmUI/CandidateExperience/en/sites/CX_1/requisitions/job/16549
* Human Resources Analyst (Nationals Only),UNDP,NOA,"Beijing, China","Mar-6-24
",External,https://estm.fa.em2.oraclecloud.com/hcmUI/CandidateExperience/en/sites/CX_1/requisitions/job/16544
* Procurement Analyst,UNDP,NPSA-9,"Kabul, Afghanistan","Mar-7-24
",External,https://estm.fa.em2.oraclecloud.com/hcmUI/CandidateExperience/en/sites/CX_1/requisitions/job/16553
* Associado(a) Tecnico(a) de Direitos Humanos (Home Based),UNDP,NPSA-7,"Brasilia, Brazil","Mar-7-24
",External,https://estm.fa.em2.oraclecloud.com/hcmUI/CandidateExperience/en/sites/CX_1/requisitions/job/16580
* Procurement Associate,UNDP,G7,"Kingston, Jamaica","Mar-7-24
",External,https://estm.fa.em2.oraclecloud.com/hcmUI/CandidateExperience/en/sites/CX_1/requisitions/job/16573
"Country Representative, Myanmar",UNWomen,P-5,"Yangon,  MYANMAR                       ","Mar-8-24
",External,cj_view_job.cfm?cur_job_id=115418
Regional Strategic Planning Specialist,UNWomen,P-4,"Dakar,  SENEGAL                       ","Mar-8-24
",External,cj_view_job.cfm?cur_job_id=115459
Strategic Planning and Coordination Analyst (For nationals of Philippines only),UNWomen,SC-9,"Manila,  PHILIPPINES                   ","Mar-8-24
",External,cj_view_job.cfm?cur_job_id=115480
* Knowledge Management and Advocacy Analyst,UNCDF,NPSA-9,"Suva, Fiji","Mar-8-24
",External,https://estm.fa.em2.oraclecloud.com/hcmUI/CandidateExperience/en/sites/CX_1/requisitions/job/16365
* Regional Operations Analyst (Nationals Only),UNCDF,NOB,"Suva, Fiji","Mar-8-24
",External,https://estm.fa.em2.oraclecloud.com/hcmUI/CandidateExperience/en/sites/CX_1/requisitions/job/16588
* Analista de Grupo Tematico (16 vagas) (Office Based),UNDP,NPSA-8,Brazil,"Mar-8-24
",External,https://estm.fa.em2.oraclecloud.com/hcmUI/CandidateExperience/en/sites/CX_1/requisitions/job/16708
* Strategic Foresight Advisor IPSA 12 (Home Based),UNDP,,Home Based,"Mar-8-24
",External,https://estm.fa.em2.oraclecloud.com/hcmUI/CandidateExperience/en/sites/CX_1/requisitions/job/16601
* Finance Associate,UNDP,G7,"Bridgetown, Barbados","Mar-8-24
",External,https://estm.fa.em2.oraclecloud.com/hcmUI/CandidateExperience/en/sites/CX_1/requisitions/job/16606
* Administrative and Travel Assistant,UNDP,G5,Kazakhstan,"Mar-8-24
",External,https://estm.fa.em2.oraclecloud.com/hcmUI/CandidateExperience/en/sites/CX_1/requisitions/job/16589
Chauffeur projet Humanitaire,UNWomen,SB-1,"ABIDJAN,  COTE d'IVOIRE                 ","Mar-9-24
",External,cj_view_job.cfm?cur_job_id=115495
Expert-e humanitaire,UNWomen,SB-4,"ABIDJAN,  COTE d'IVOIRE                 ","Mar-9-24
",External,cj_view_job.cfm?cur_job_id=115494
* Driver_Short-Term,UNDP,NPSA-3,"Suva, Fiji","Mar-10-24
",External,https://estm.fa.em2.oraclecloud.com/hcmUI/CandidateExperience/en/sites/CX_1/requisitions/job/16628
* Driver_FSM,UNDP,NPSA-3,"Pohnpei, Micronesia, Federated States of","Mar-10-24
",External,https://estm.fa.em2.oraclecloud.com/hcmUI/CandidateExperience/en/sites/CX_1/requisitions/job/16629
* Systems Development Specialist,UNV,P3,"Bonn, Germany","Mar-10-24
",External,https://estm.fa.em2.oraclecloud.com/hcmUI/CandidateExperience/en/sites/CX_1/requisitions/job/16557
* ICT Associate,UNDP,G6,"Panama City, Panama","Mar-11-24
",External,https://estm.fa.em2.oraclecloud.com/hcmUI/CandidateExperience/en/sites/CX_1/requisitions/job/16179
* BioInformatician BGSI,UNDP,NPSA-6,Indonesia,"Mar-11-24
",External,https://estm.fa.em2.oraclecloud.com/hcmUI/CandidateExperience/en/sites/CX_1/requisitions/job/16060
* Executive Associate,UNDP,G7,"Dhaka, Bangladesh","Mar-11-24
",External,https://estm.fa.em2.oraclecloud.com/hcmUI/CandidateExperience/en/sites/CX_1/requisitions/job/16622
* Analista de Finanzas,UNDP,NPSA-8,"Santo Domingo, Dominican Republic","Mar-11-24
",External,https://estm.fa.em2.oraclecloud.com/hcmUI/CandidateExperience/en/sites/CX_1/requisitions/job/16582
* Project Associate (multiple post),UNDP,NPSA-7,"Chisinau, Moldova","Mar-11-24
",External,https://estm.fa.em2.oraclecloud.com/hcmUI/CandidateExperience/en/sites/CX_1/requisitions/job/15777
* Special Assistant to the Chief of Staff & Director,UNDP,P4,"New York, United States","Mar-11-24
",External,https://estm.fa.em2.oraclecloud.com/hcmUI/CandidateExperience/en/sites/CX_1/requisitions/job/16347
Human Resources Intern,UNDP,Intern,"New York,  UNITED STATES OF AMERICA      ","Mar-12-24
",External,cj_view_job.cfm?cur_job_id=115509
Regional Coordination Specialist,UNWomen,P-4,"Dakar,  SENEGAL                       ","Mar-12-24
",External,cj_view_job.cfm?cur_job_id=115499
* Finance Assistant,UNDP,G5,"Kinshasa, Congo, The Democratic Republic of the","Mar-12-24
",External,https://estm.fa.em2.oraclecloud.com/hcmUI/CandidateExperience/en/sites/CX_1/requisitions/job/16623
* Procurement Assistant (NPSA-5),UNDP,NPSA-5,"Dhaka, Bangladesh","Mar-12-24
",External,https://estm.fa.em2.oraclecloud.com/hcmUI/CandidateExperience/en/sites/CX_1/requisitions/job/16635
* Policy Specialist (Knowledge Management) - IPSA 11,UNDP,IPSA-11,"New York, United States","Mar-12-24
",External,https://estm.fa.em2.oraclecloud.com/hcmUI/CandidateExperience/en/sites/CX_1/requisitions/job/16646
Communications Intern - New York or remote,UNDP,Intern,"New York,  UNITED STATES OF AMERICA      ","Mar-13-24
",External,cj_view_job.cfm?cur_job_id=113871
* Finance Associate - UNDP Moldova Country Office,UNDP,G6,"Chisinau, Moldova","Mar-13-24
",External,https://estm.fa.em2.oraclecloud.com/hcmUI/CandidateExperience/en/sites/CX_1/requisitions/job/16615
* Analista de Comunicação (Office Based),UNDP,NPSA-8,"Brasilia, Brazil","Mar-13-24
",External,https://estm.fa.em2.oraclecloud.com/hcmUI/CandidateExperience/en/sites/CX_1/requisitions/job/16650
"* Partnership and Outreach Coordinator, IPSA 10 - UNCDF - NAT - Kigali, Rwanda",UNCDF,IPSA-10,"Kigali, Rwanda","Mar-13-24
",External,https://estm.fa.em2.oraclecloud.com/hcmUI/CandidateExperience/en/sites/CX_1/requisitions/job/16651
* Communication Analyst,UNDP,P2,"New York, United States","Mar-13-24
",External,https://estm.fa.em2.oraclecloud.com/hcmUI/CandidateExperience/en/sites/CX_1/requisitions/job/16680
Communications Intern,UNDP,Intern,"Brussels,  BELGIUM                       ","Mar-14-24
",External,cj_view_job.cfm?cur_job_id=115533
* Finance Assistant (GS5) - UNDP Moldova Country Office,UNDP,,"Chisinau, Moldova","Mar-14-24
",External,https://estm.fa.em2.oraclecloud.com/hcmUI/CandidateExperience/en/sites/CX_1/requisitions/job/16699
* Renovation Project Manager,UNDP,IPSA-11,"New York, United States","Mar-14-24
",External,https://estm.fa.em2.oraclecloud.com/hcmUI/CandidateExperience/en/sites/CX_1/requisitions/job/16156
* Information Management Officer - UNOCHA - Ressortissants nationaux uniquement,UNDP,NOA,"Bujumbura, Burundi","Mar-14-24
",External,https://estm.fa.em2.oraclecloud.com/hcmUI/CandidateExperience/en/sites/CX_1/requisitions/job/16691
* ICT Assistant and Support,UNDP,NB3,"Port-au-Prince, Haiti","Mar-14-24
",External,https://estm.fa.em2.oraclecloud.com/hcmUI/CandidateExperience/en/sites/CX_1/requisitions/job/15965
* Assistant to the Assistant Resident Representantive for Programme (ARRP) (Office Based),UNDP,NPSA-4,"Brasilia, Brazil","Mar-14-24
",External,https://estm.fa.em2.oraclecloud.com/hcmUI/CandidateExperience/en/sites/CX_1/requisitions/job/16704
Intern - Communications and Outreach,UNDP,Intern,"Bangkok,  THAILAND                      ","Mar-15-24
",External,cj_view_job.cfm?cur_job_id=115541
* Administration and Finance Analyst,UNDP,NPSA-8,"Pokhara, Nepal","Mar-15-24
",External,https://estm.fa.em2.oraclecloud.com/hcmUI/CandidateExperience/en/sites/CX_1/requisitions/job/16718
* Procurement and Administration Analyst (Nationals Only),UNCDF,NOA,"Kigali, Rwanda","Mar-15-24
",External,https://estm.fa.em2.oraclecloud.com/hcmUI/CandidateExperience/en/sites/CX_1/requisitions/job/16724
Social Media Intern,UNDP,Intern,Home-based,"Mar-18-24
",External,cj_view_job.cfm?cur_job_id=115537
Visual Design Intern,UNDP,Intern,Home-Based,"Mar-18-24
",External,cj_view_job.cfm?cur_job_id=115538
Video-Photo Intern,UNDP,Intern,"New York,  UNITED STATES OF AMERICA      ","Mar-18-24
",External,cj_view_job.cfm?cur_job_id=115548
* Investigations Assessment Analyst - IPSA 8 - Homebased,UNDP,IPSA-8,Home Based,"Mar-18-24
",External,https://estm.fa.em2.oraclecloud.com/hcmUI/CandidateExperience/en/sites/CX_1/requisitions/job/16748
"* Manager, Corporate Financial Reporting and Agency Services",UNDP,P5,"Kuala Lumpur, Malaysia","Mar-18-24
",External,https://estm.fa.em2.oraclecloud.com/hcmUI/CandidateExperience/en/sites/CX_1/requisitions/job/15971
"* Chief, Payroll Finance Oversight and HR Finance Lead",UNDP,P4,"Kuala Lumpur, Malaysia","Mar-18-24
",External,https://estm.fa.em2.oraclecloud.com/hcmUI/CandidateExperience/en/sites/CX_1/requisitions/job/16627
Digital Transformation Internship: Global Call for 2024,UNDP,Intern,Home-Based,"Sep-30-24
",External,cj_view_job.cfm?cur_job_id=115502
National Feminist Economist/Gender and Economics Policy Specialist,UNWomen,NO-C,"ABIDJAN,  COTE d'IVOIRE                 ","Nov-24-24
",External,cj_view_job.cfm?cur_job_id=114647
* Programme Associate – Sustainable Development,UNDP,NPSA-6,"Kuwait, Kuwait","Mar-4-24
",External,https://estm.fa.em2.oraclecloud.com/hcmUI/CandidateExperience/en/sites/CX_1/requisitions/job/16462
"* Biodiversity Associate (Part time, 80%)",UNDP,NPSA-7,"Tirana, Albania","Mar-4-24
",External,https://estm.fa.em2.oraclecloud.com/hcmUI/CandidateExperience/en/sites/CX_1/requisitions/job/16450
"* Country Coordinator (Duty Station: Avarua, Cook Islands)",UNCDF,IPSA-9,Cook Islands,"Mar-5-24
",External,https://estm.fa.em2.oraclecloud.com/hcmUI/CandidateExperience/en/sites/CX_1/requisitions/job/16439
* Regional Project Manager,UNDP,IPSA-10,"Istanbul, Türkiye","Mar-5-24
",External,https://estm.fa.em2.oraclecloud.com/hcmUI/CandidateExperience/en/sites/CX_1/requisitions/job/16509
* Project Analyst,UNDP,NPSA-8,"Dushanbe, Tajikistan","Mar-5-24
",External,https://estm.fa.em2.oraclecloud.com/hcmUI/CandidateExperience/en/sites/CX_1/requisitions/job/16456
* SDG Innovation Lab Manager,UNDP,NPSA-9,"Yerevan, Armenia","Mar-5-24
",External,https://estm.fa.em2.oraclecloud.com/hcmUI/CandidateExperience/en/sites/CX_1/requisitions/job/16443
"* Operations Associate, G7, FTA - National Position",UNDP,G7,"Kyiv, Ukraine","Mar-6-24
",External,https://estm.fa.em2.oraclecloud.com/hcmUI/CandidateExperience/en/sites/CX_1/requisitions/job/16535
* Policy & Legal Officer,UNDP,NPSA-8,"Dushanbe, Tajikistan","Mar-6-24
",External,https://estm.fa.em2.oraclecloud.com/hcmUI/CandidateExperience/en/sites/CX_1/requisitions/job/16504
* Project Analyst,UNDP,NPSA-9,"Vientiane, Lao People's Democratic Republic","Mar-7-24
",External,https://estm.fa.em2.oraclecloud.com/hcmUI/CandidateExperience/en/sites/CX_1/requisitions/job/16396
* Project Component Manager,UNDP,NPSA-9,"Chisinau, Moldova","Mar-7-24
",External,https://estm.fa.em2.oraclecloud.com/hcmUI/CandidateExperience/en/sites/CX_1/requisitions/job/16561
* Risk Management Specialist - Home based,UNDP,IPSA-10,"New York, United States","Mar-7-24
",External,https://estm.fa.em2.oraclecloud.com/hcmUI/CandidateExperience/en/sites/CX_1/requisitions/job/16706
* Quality Assurance Specialist - Home-based,UNDP,IPSA-10,"New York, United States","Mar-7-24
",External,https://estm.fa.em2.oraclecloud.com/hcmUI/CandidateExperience/en/sites/CX_1/requisitions/job/16703
* PMO Intern,UNDP,,Home Based,"Mar-7-24
",External,https://estm.fa.em2.oraclecloud.com/hcmUI/CandidateExperience/en/sites/CX_1/requisitions/job/16516
* Project Manager,UNDP,NPSA-9,"Tirana, Albania","Mar-7-24
",External,https://estm.fa.em2.oraclecloud.com/hcmUI/CandidateExperience/en/sites/CX_1/requisitions/job/16532
* Asistente Técnico(a) de Proyecto (Proyecto de transformación educativa Protagonistas del Cambio) - NPSA5,UNDP,NPSA-5,"Santiago, Chile","Mar-7-24
",External,https://estm.fa.em2.oraclecloud.com/hcmUI/CandidateExperience/en/sites/CX_1/requisitions/job/16701
* Project Administrative Associate,UNDP,G6,"Tashkent, Uzbekistan","Mar-7-24
",External,https://estm.fa.em2.oraclecloud.com/hcmUI/CandidateExperience/en/sites/CX_1/requisitions/job/16566
* Expert en Développement Local,UNDP,NPSA-9,Tunisia,"Mar-8-24
",External,https://estm.fa.em2.oraclecloud.com/hcmUI/CandidateExperience/en/sites/CX_1/requisitions/job/16104
* Asociado(a) de Coordinacion Plan de Actualizacion IPTs,UNDP,NPSA-7,"Santiago, Chile","Mar-8-24
",External,https://estm.fa.em2.oraclecloud.com/hcmUI/CandidateExperience/en/sites/CX_1/requisitions/job/16730
* Associate Human Rights Officer-OHCHR-Nationals Only,UNDP,NOB,"Chisinau, Moldova","Mar-8-24
",External,https://estm.fa.em2.oraclecloud.com/hcmUI/CandidateExperience/en/sites/CX_1/requisitions/job/16399
* Finance Analyst,UNDP,NPSA-9,"Kabul, Afghanistan","Mar-10-24
",External,https://estm.fa.em2.oraclecloud.com/hcmUI/CandidateExperience/en/sites/CX_1/requisitions/job/16610
* Geographical Information Systems (GIS) Specialist,UNDP,SB4,"Tashkent, Uzbekistan","Mar-10-24
",External,https://estm.fa.em2.oraclecloud.com/hcmUI/CandidateExperience/en/sites/CX_1/requisitions/job/16590
* Programme Associate,UNDP,SB3,"Tashkent, Uzbekistan","Mar-10-24
",External,https://estm.fa.em2.oraclecloud.com/hcmUI/CandidateExperience/en/sites/CX_1/requisitions/job/16594
* Database Assistant,UNDP,SB3,"Tashkent, Uzbekistan","Mar-10-24
",External,https://estm.fa.em2.oraclecloud.com/hcmUI/CandidateExperience/en/sites/CX_1/requisitions/job/16587
* Project Assistant (Amman) - NPSA 5,UNDP,NPSA-5,"Amman, Jordan","Mar-11-24
",External,https://estm.fa.em2.oraclecloud.com/hcmUI/CandidateExperience/en/sites/CX_1/requisitions/job/16613
* Procurement Assistant,UNDP,G5,"New Delhi, India","Mar-11-24
",External,https://estm.fa.em2.oraclecloud.com/hcmUI/CandidateExperience/en/sites/CX_1/requisitions/job/16608
* Programme Analyst - nationals of Türkiye only,UNDP,NPSA-8,"Istanbul, Türkiye","Mar-11-24
",External,https://estm.fa.em2.oraclecloud.com/hcmUI/CandidateExperience/en/sites/CX_1/requisitions/job/16619
* Project Manager,UNDP,NPSA-11,"Lahore, Pakistan","Mar-12-24
",External,https://estm.fa.em2.oraclecloud.com/hcmUI/CandidateExperience/en/sites/CX_1/requisitions/job/16639
"* Practicante de diseño de información, comunicación y creación de narrativas",UNDP,,Mexico,"Mar-13-24
",External,https://estm.fa.em2.oraclecloud.com/hcmUI/CandidateExperience/en/sites/CX_1/requisitions/job/16675
"* Practicante de experimentación: diseño, implementación y evaluación de indicadores, experimentos y análisis de datos cuantitativos.",UNDP,,Mexico,"Mar-13-24
",External,https://estm.fa.em2.oraclecloud.com/hcmUI/CandidateExperience/en/sites/CX_1/requisitions/job/16677
"* Practicante de exploración: análisis de información, minería de datos y administración de bases de datos.",UNDP,,Mexico,"Mar-13-24
",External,https://estm.fa.em2.oraclecloud.com/hcmUI/CandidateExperience/en/sites/CX_1/requisitions/job/16678
"* Practicante de mapeo de soluciones: análisis cualitativo, estudios etnográficos, trabajo comunitario e investigación social.",UNDP,,Mexico,"Mar-13-24
",External,https://estm.fa.em2.oraclecloud.com/hcmUI/CandidateExperience/en/sites/CX_1/requisitions/job/16679
* ICT Associate (Afghan Nationals Only),UNDP,NB3,"Kabul, Afghanistan","Mar-13-24
",External,https://estm.fa.em2.oraclecloud.com/hcmUI/CandidateExperience/en/sites/CX_1/requisitions/job/16656
* Project Analyst- Recycling and Upcycling,UNDP,NPSA-9,"Pokhara, Nepal","Mar-14-24
",External,https://estm.fa.em2.oraclecloud.com/hcmUI/CandidateExperience/en/sites/CX_1/requisitions/job/16684
* Project Analyst,UNDP,IPSA-9,"New York, United States","Mar-14-24
",External,https://estm.fa.em2.oraclecloud.com/hcmUI/CandidateExperience/en/sites/CX_1/requisitions/job/16578
"* Communication, Monitoring and Evaluation Analyst",UNDP,NPSA-8,"Pokhara, Nepal","Mar-15-24
",External,https://estm.fa.em2.oraclecloud.com/hcmUI/CandidateExperience/en/sites/CX_1/requisitions/job/16721
* National Project Manager,UNDP,NPSA-10,"Pokhara, Nepal","Mar-15-24
",External,https://estm.fa.em2.oraclecloud.com/hcmUI/CandidateExperience/en/sites/CX_1/requisitions/job/16725
* Chargé(e) National(e) des Affaires Humanitaires - UNOCHA - Staff National uniquement,UNDP,NOB,"Dori, Burkina Faso","Mar-15-24
",External,https://estm.fa.em2.oraclecloud.com/hcmUI/CandidateExperience/en/sites/CX_1/requisitions/job/16404
* Assistant Human Rights Officer - OHCHR - Nationals Only,UNDP,NOA,"Chisinau, Moldova","Mar-15-24
",External,https://estm.fa.em2.oraclecloud.com/hcmUI/CandidateExperience/en/sites/CX_1/requisitions/job/16400
* Civil Engineer (Analyst),UNDP,NPSA-8,"Sarajevo, Bosnia and Herzegovina","Mar-15-24
",External,https://estm.fa.em2.oraclecloud.com/hcmUI/CandidateExperience/en/sites/CX_1/requisitions/job/16700
* Administrative Associate GS6,UNDP,G6,"Algiers, Algeria","Mar-17-24
",External,https://estm.fa.em2.oraclecloud.com/hcmUI/CandidateExperience/en/sites/CX_1/requisitions/job/16733
* Procurement Associate- 2 positions,UNDP,NPSA-6,"Sarajevo, Bosnia and Herzegovina","Mar-18-24
",External,https://estm.fa.em2.oraclecloud.com/hcmUI/CandidateExperience/en/sites/CX_1/requisitions/job/16747
* Administrative Clerk,UNDP,NPSA-4,"Pokhara, Nepal","Mar-18-24
",External,https://estm.fa.em2.oraclecloud.com/hcmUI/CandidateExperience/en/sites/CX_1/requisitions/job/16742
* Call for Application - Roster: UN Women Advisory Committee on Oversight (ACO),UNWomen,,"New York, United States","Dec-31-24
",External,https://estm.fa.em2.oraclecloud.com/hcmUI/CandidateExperience/en/sites/CX_1001/requisitions/job/14948
